Date,Open,High,Low,Close,Volume
2024-06-03 00:00:00+05:30,799.5,799.5,775.0,786.0999755859375,72637256
2024-06-04 00:00:00+05:30,778.5,779.5,727.0,741.5750122070312,89531240
2024-06-05 00:00:00+05:30,747.0250244140625,779.7999877929688,741.1749877929688,775.9000244140625,81631650
2024-06-06 00:00:00+05:30,782.4500122070312,782.7249755859375,773.2999877929688,779.8499755859375,46422870
2024-06-07 00:00:00+05:30,780.5250244140625,792.1749877929688,776.0250244140625,786.6749877929688,36712216
2024-06-10 00:00:00+05:30,787.0,790.3250122070312,778.7999877929688,780.6500244140625,22454058
2024-06-11 00:00:00+05:30,778.0,785.5,776.0999755859375,782.4000244140625,29545326
2024-06-12 00:00:00+05:30,787.5,794.1500244140625,783.2000122070312,787.0750122070312,39280436
2024-06-13 00:00:00+05:30,790.875,792.8499755859375,787.0,790.375,24120192
2024-06-14 00:00:00+05:30,792.0,799.5,788.8499755859375,798.4500122070312,25540554
2024-06-18 00:00:00+05:30,798.4500122070312,805.25,794.7249755859375,803.9000244140625,32415714
2024-06-19 00:00:00+05:30,806.7000122070312,834.9500122070312,802.0,828.9249877929688,90131196
2024-06-20 00:00:00+05:30,834.9000244140625,840.7249755859375,826.0,834.6749877929688,41408742
2024-06-21 00:00:00+05:30,836.4249877929688,836.4249877929688,821.5750122070312,832.875,51630776
2024-06-24 00:00:00+05:30,823.5,837.5499877929688,822.875,836.2000122070312,28544994
2024-06-25 00:00:00+05:30,835.5499877929688,858.4749755859375,835.5499877929688,855.6749877929688,74521548
2024-06-26 00:00:00+05:30,853.9749755859375,855.4500122070312,845.5499877929688,850.75,47596666
2024-06-27 00:00:00+05:30,848.0499877929688,856.5,843.2999877929688,848.0750122070312,55074650
2024-06-28 00:00:00+05:30,848.7999877929688,853.2999877929688,839.5,841.9000244140625,26476046
2024-07-01 00:00:00+05:30,840.0,853.6500244140625,840.0,852.5999755859375,21187024
2024-07-02 00:00:00+05:30,857.5,867.4500122070312,851.375,865.2999877929688,45921690
2024-07-03 00:00:00+05:30,895.5,897.0,882.3250122070312,884.3250122070312,123217802
2024-07-04 00:00:00+05:30,879.875,879.875,862.4249877929688,863.5750122070312,45848658
2024-07-05 00:00:00+05:30,842.5,842.5,821.0999755859375,824.0499877929688,82242548
2024-07-08 00:00:00+05:30,822.6500244140625,827.4749755859375,813.5750122070312,817.6749877929688,39087800
2024-07-09 00:00:00+05:30,812.5,823.3499755859375,810.1749877929688,818.25,48550878
2024-07-10 00:00:00+05:30,814.9749755859375,820.0,810.375,813.0499877929688,45507182
2024-07-11 00:00:00+05:30,811.9749755859375,812.9249877929688,800.5,810.9500122070312,44177074
2024-07-12 00:00:00+05:30,811.0,819.2000122070312,805.5750122070312,811.3499755859375,56049960
2024-07-15 00:00:00+05:30,811.75,814.9000244140625,807.5999755859375,811.0499877929688,33375694
2024-07-16 00:00:00+05:30,810.375,813.5,808.4000244140625,809.875,28950324
2024-07-18 00:00:00+05:30,804.0,811.9749755859375,799.5750122070312,807.4000244140625,33717064
2024-07-19 00:00:00+05:30,808.0,811.5,801.75,803.6500244140625,26002152
2024-07-22 00:00:00+05:30,808.5,825.5,806.3250122070312,821.2750244140625,53744822
2024-07-23 00:00:00+05:30,823.7750244140625,823.9000244140625,802.5,809.2000122070312,52002152
2024-07-24 00:00:00+05:30,804.0750122070312,810.5,794.0250244140625,802.0250244140625,61728206
2024-07-25 00:00:00+05:30,796.5,812.5,796.5,808.2999877929688,25535732
2024-07-26 00:00:00+05:30,802.5,810.875,798.2249755859375,809.0750122070312,43810540
2024-07-29 00:00:00+05:30,807.5,815.9249877929688,799.1500244140625,802.5250244140625,51001148
2024-07-30 00:00:00+05:30,801.0,817.375,799.5,807.7750244140625,54595834
2024-07-31 00:00:00+05:30,807.0,813.9500122070312,804.5999755859375,807.875,37820484
2024-08-01 00:00:00+05:30,811.4500122070312,825.0250244140625,808.9749755859375,819.4000244140625,26215174
2024-08-02 00:00:00+05:30,815.5,835.25,815.5,829.5750122070312,44119238
2024-08-05 00:00:00+05:30,820.0499877929688,823.0,800.5,807.875,41333634
2024-08-06 00:00:00+05:30,815.0,816.4749755859375,796.6500244140625,800.5999755859375,45116050
2024-08-07 00:00:00+05:30,808.5,815.0,801.0999755859375,811.75,42346264
2024-08-08 00:00:00+05:30,812.0,826.6500244140625,809.625,821.3499755859375,33976950
2024-08-09 00:00:00+05:30,826.0,831.2750244140625,822.9000244140625,825.0999755859375,26644618
2024-08-12 00:00:00+05:30,826.0,837.9749755859375,823.6749877929688,830.0499877929688,39316196
2024-08-13 00:00:00+05:30,814.0,816.2000122070312,800.5750122070312,801.5999755859375,54055042
2024-08-14 00:00:00+05:30,803.25,806.8499755859375,801.5999755859375,803.9000244140625,32334428
2024-08-16 00:00:00+05:30,814.25,817.0750122070312,805.5,816.0499877929688,27849246
2024-08-19 00:00:00+05:30,818.8250122070312,818.8250122070312,811.8499755859375,815.7750244140625,19502164
2024-08-20 00:00:00+05:30,813.7249755859375,823.0,813.7249755859375,818.8499755859375,31134494
2024-08-21 00:00:00+05:30,814.0499877929688,817.2750244140625,808.9000244140625,812.9000244140625,47630904
2024-08-22 00:00:00+05:30,816.0,819.1500244140625,814.0,815.6500244140625,21300638
2024-08-23 00:00:00+05:30,817.0,817.0,811.5,812.5250244140625,20333422
2024-08-26 00:00:00+05:30,816.0999755859375,823.9749755859375,816.0999755859375,819.9749755859375,22364266
2024-08-27 00:00:00+05:30,821.7000122070312,823.7000122070312,816.0999755859375,818.875,35773244
2024-08-28 00:00:00+05:30,818.875,819.875,815.0999755859375,818.5499877929688,26921188
2024-08-29 00:00:00+05:30,821.0,822.2000122070312,815.5750122070312,819.2750244140625,49052604
2024-08-30 00:00:00+05:30,828.0,831.0,810.5750122070312,818.4500122070312,445342100
2024-09-02 00:00:00+05:30,823.4000244140625,823.4000244140625,811.5999755859375,813.4749755859375,34049680
2024-09-03 00:00:00+05:30,817.0,819.9749755859375,812.2999877929688,818.6749877929688,37282860
2024-09-04 00:00:00+05:30,819.5,822.4000244140625,816.0,820.9000244140625,24682744
2024-09-05 00:00:00+05:30,823.0,824.9500122070312,821.0,822.7249755859375,22876318
2024-09-06 00:00:00+05:30,819.1500244140625,823.875,817.0499877929688,818.4749755859375,26029602
2024-09-09 00:00:00+05:30,819.0,824.25,815.0499877929688,823.25,23792914
2024-09-10 00:00:00+05:30,827.0,827.0,819.0,825.1749877929688,26606646
2024-09-11 00:00:00+05:30,825.2000122070312,826.25,819.5999755859375,821.9500122070312,22226684
2024-09-12 00:00:00+05:30,827.0,835.0,823.5250244140625,833.2999877929688,32424046
2024-09-13 00:00:00+05:30,837.0,837.0,828.5250244140625,832.9749755859375,23860532
2024-09-16 00:00:00+05:30,833.5,838.9000244140625,832.0250244140625,835.4749755859375,15172820
2024-09-17 00:00:00+05:30,839.0,839.0,832.0750122070312,834.4000244140625,20127122
2024-09-18 00:00:00+05:30,835.9249877929688,849.4500122070312,835.5499877929688,847.4000244140625,40917342
2024-09-19 00:00:00+05:30,849.5999755859375,859.5,849.5750122070312,854.25,30651776
2024-09-20 00:00:00+05:30,858.25,872.4749755859375,853.7750244140625,870.5999755859375,60623386
2024-09-23 00:00:00+05:30,874.5,883.1749877929688,870.125,879.9000244140625,26965350
2024-09-24 00:00:00+05:30,882.5,890.8250122070312,877.125,884.0250244140625,33039036
2024-09-25 00:00:00+05:30,880.0750122070312,894.0,880.0750122070312,889.5499877929688,31965312
2024-09-26 00:00:00+05:30,886.5250244140625,894.0,884.0250244140625,891.7249755859375,31899644
2024-09-27 00:00:00+05:30,888.5,889.0999755859375,875.0,876.3250122070312,35613502
2024-09-30 00:00:00+05:30,874.4000244140625,875.7249755859375,862.2000122070312,866.0250244140625,26383534
2024-10-01 00:00:00+05:30,862.0,871.0,860.0499877929688,863.0999755859375,24572284
2024-10-03 00:00:00+05:30,857.8250122070312,863.0750122070312,836.6749877929688,841.0,48473398
2024-10-04 00:00:00+05:30,837.25,845.3250122070312,826.5,828.8250122070312,48683232
2024-10-07 00:00:00+05:30,826.0999755859375,829.5,806.5,808.9000244140625,94458296
2024-10-08 00:00:00+05:30,815.0,828.4000244140625,811.0,825.5250244140625,29734406
2024-10-09 00:00:00+05:30,824.75,828.375,814.3499755859375,816.5750122070312,41125642
2024-10-10 00:00:00+05:30,819.5,832.7249755859375,816.25,831.2000122070312,21754766
2024-10-11 00:00:00+05:30,832.2249755859375,832.2249755859375,821.625,825.5,23672594
2024-10-14 00:00:00+05:30,828.0250244140625,846.0250244140625,827.0,844.0499877929688,18527508
2024-10-15 00:00:00+05:30,847.0,849.0,837.75,842.0499877929688,19651130
2024-10-16 00:00:00+05:30,840.0499877929688,853.9749755859375,840.0499877929688,849.9000244140625,20470682
2024-10-17 00:00:00+05:30,847.4749755859375,848.8250122070312,832.5999755859375,836.5750122070312,14695732
2024-10-18 00:00:00+05:30,831.5499877929688,845.5,827.0499877929688,840.9249877929688,24809724
2024-10-21 00:00:00+05:30,857.5,874.0750122070312,855.5250244140625,864.3499755859375,46548354
2024-10-22 00:00:00+05:30,865.0250244140625,870.0,855.3499755859375,857.2750244140625,38875280
2024-10-23 00:00:00+05:30,852.5250244140625,873.25,852.5250244140625,867.9000244140625,38036090
2024-10-24 00:00:00+05:30,869.0499877929688,884.3250122070312,869.0499877929688,874.8250122070312,30832258
2024-10-25 00:00:00+05:30,877.5,878.9249877929688,864.3499755859375,871.7000122070312,26130478
2024-10-28 00:00:00+05:30,871.0,875.5,864.4500122070312,867.0999755859375,22012142
2024-10-29 00:00:00+05:30,863.0750122070312,882.0,862.5499877929688,875.9249877929688,35794926
2024-10-30 00:00:00+05:30,871.0,877.375,862.0999755859375,867.2999877929688,32715724
2024-10-31 00:00:00+05:30,864.0,869.4500122070312,859.7000122070312,867.8499755859375,22895912
2024-11-01 00:00:00+05:30,866.5,872.0499877929688,863.0499877929688,868.6500244140625,1759692
2024-11-04 00:00:00+05:30,872.5,872.5,855.4500122070312,857.0499877929688,28089248
2024-11-05 00:00:00+05:30,851.5,881.3499755859375,848.9500122070312,878.9249877929688,44232406
2024-11-06 00:00:00+05:30,885.75,885.75,872.6749877929688,877.625,27787910
2024-11-07 00:00:00+05:30,872.1500244140625,880.4749755859375,869.0,873.2750244140625,18895456
2024-11-08 00:00:00+05:30,876.0,880.9000244140625,872.9249877929688,877.2249755859375,19902986
2024-11-11 00:00:00+05:30,877.2750244140625,891.4000244140625,875.5999755859375,883.1500244140625,24565362
2024-11-12 00:00:00+05:30,886.0,887.5,854.3250122070312,859.0999755859375,31395406
2024-11-13 00:00:00+05:30,858.375,864.7000122070312,836.5,840.6749877929688,35728500
2024-11-14 00:00:00+05:30,836.5499877929688,852.4249877929688,836.0499877929688,846.375,27146470
2024-11-18 00:00:00+05:30,850.0,859.4500122070312,847.5,852.5499877929688,27081968
2024-11-19 00:00:00+05:30,857.0,876.875,851.3499755859375,871.125,50981272
2024-11-21 00:00:00+05:30,874.7000122070312,879.5,867.0999755859375,870.5999755859375,35716512
2024-11-22 00:00:00+05:30,871.7750244140625,877.1500244140625,864.7750244140625,872.7999877929688,24773612
2024-11-25 00:00:00+05:30,892.5250244140625,901.7750244140625,882.4500122070312,892.7999877929688,427737274
2024-11-26 00:00:00+05:30,905.0,905.0,884.9000244140625,892.7750244140625,30935566
2024-11-27 00:00:00+05:30,894.9500122070312,908.6749877929688,892.5750122070312,906.1500244140625,32714976
2024-11-28 00:00:00+05:30,909.5,918.0499877929688,894.0,896.5750122070312,35722392
2024-11-29 00:00:00+05:30,900.6500244140625,902.2999877929688,891.4500122070312,898.0250244140625,27669536
2024-12-02 00:00:00+05:30,901.75,904.0750122070312,887.5,902.3499755859375,15110876
2024-12-03 00:00:00+05:30,911.3499755859375,918.7000122070312,908.0499877929688,913.1500244140625,43410242
2024-12-04 00:00:00+05:30,919.0,932.5,915.5750122070312,930.0499877929688,44669084
2024-12-05 00:00:00+05:30,930.0,939.9749755859375,917.5999755859375,932.875,39682714
2024-12-06 00:00:00+05:30,928.5,932.0999755859375,922.0,927.9249877929688,17783156
2024-12-09 00:00:00+05:30,926.8250122070312,940.0,924.5,935.0,26947912
2024-12-10 00:00:00+05:30,938.8499755859375,938.8499755859375,929.2750244140625,934.0499877929688,13325480
2024-12-11 00:00:00+05:30,930.8499755859375,935.9500122070312,928.375,931.5499877929688,14045426
2024-12-12 00:00:00+05:30,925.5,934.3250122070312,924.3499755859375,929.625,17293790
2024-12-13 00:00:00+05:30,931.25,937.5,914.625,935.875,19009002
2024-12-16 00:00:00+05:30,932.5499877929688,934.9749755859375,927.625,932.5999755859375,13107082
2024-12-17 00:00:00+05:30,928.1749877929688,931.1749877929688,913.25,916.625,21079532
2024-12-18 00:00:00+05:30,914.9249877929688,918.0,903.5750122070312,905.3499755859375,23422312
2024-12-19 00:00:00+05:30,899.7999877929688,900.5499877929688,889.5,896.75,25380770
2024-12-20 00:00:00+05:30,891.0999755859375,898.7750244140625,883.5250244140625,885.75,25692348
2024-12-23 00:00:00+05:30,891.0,903.0,890.6500244140625,900.5,11044592
2024-12-24 00:00:00+05:30,901.0250244140625,904.3499755859375,894.7750244140625,899.0499877929688,14485834
2024-12-26 00:00:00+05:30,899.2750244140625,906.0,890.375,895.375,10481678
2024-12-27 00:00:00+05:30,897.4000244140625,902.9749755859375,894.5499877929688,899.125,7259330
2024-12-30 00:00:00+05:30,896.0999755859375,907.5,885.5,888.9500122070312,22222218
2024-12-31 00:00:00+05:30,885.1500244140625,890.9000244140625,882.7999877929688,886.4249877929688,14117236
2025-01-01 00:00:00+05:30,886.7249755859375,897.0,880.5499877929688,891.375,7313806
2025-01-02 00:00:00+05:30,888.5499877929688,901.7249755859375,886.5,896.875,18558576
2025-01-03 00:00:00+05:30,895.5,897.625,873.1500244140625,874.5999755859375,24426194
2025-01-06 00:00:00+05:30,870.0499877929688,878.5999755859375,852.9000244140625,855.25,18816348
2025-01-07 00:00:00+05:30,857.5,860.5,850.0,856.7000122070312,13527906
2025-01-08 00:00:00+05:30,854.125,855.8250122070312,841.6749877929688,847.1500244140625,19738190
2025-01-09 00:00:00+05:30,842.0750122070312,844.5,829.0499877929688,833.9000244140625,40420222
2025-01-10 00:00:00+05:30,835.5,837.4500122070312,827.0,828.375,17453280
2025-01-13 00:00:00+05:30,820.0,823.375,812.1500244140625,815.4249877929688,21669066
2025-01-14 00:00:00+05:30,819.9500122070312,828.0999755859375,818.5,823.2999877929688,26661432
2025-01-15 00:00:00+05:30,828.25,831.3499755859375,818.1500244140625,821.5250244140625,14022892
2025-01-16 00:00:00+05:30,826.4249877929688,830.2750244140625,821.4249877929688,826.0250244140625,21212454
2025-01-17 00:00:00+05:30,821.75,825.25,814.25,818.375,23112076
2025-01-20 00:00:00+05:30,813.0,830.4749755859375,813.0,825.625,17557618
2025-01-21 00:00:00+05:30,829.125,830.5250244140625,816.5250244140625,821.2000122070312,31158144
2025-01-22 00:00:00+05:30,821.2000122070312,835.9500122070312,812.7249755859375,833.0250244140625,30619306
2025-01-23 00:00:00+05:30,843.5,843.5,825.625,832.4500122070312,34909158
2025-01-24 00:00:00+05:30,830.0,835.1500244140625,822.25,824.9000244140625,24236200
2025-01-27 00:00:00+05:30,820.5499877929688,821.7999877929688,813.0,814.9000244140625,22804166
2025-01-28 00:00:00+05:30,823.5,842.1500244140625,823.5,835.2000122070312,30179312
2025-01-29 00:00:00+05:30,837.5,840.5750122070312,834.4249877929688,838.6500244140625,12619890
2025-01-30 00:00:00+05:30,840.5,848.9500122070312,836.2750244140625,845.75,25744846
2025-01-31 00:00:00+05:30,843.625,852.3499755859375,841.9749755859375,849.375,15821686
2025-02-01 00:00:00+05:30,848.75,856.5,838.0250244140625,845.4749755859375,5587528
2025-02-03 00:00:00+05:30,835.0,843.4000244140625,831.7249755859375,839.0,20276540
2025-02-04 00:00:00+05:30,844.3499755859375,862.9000244140625,840.0250244140625,860.4500122070312,28616502
2025-02-05 00:00:00+05:30,866.5,872.0999755859375,859.4500122070312,868.9000244140625,23675506
2025-02-06 00:00:00+05:30,867.75,874.5,862.0,871.9249877929688,26760716
2025-02-07 00:00:00+05:30,875.0,883.5,862.5,866.375,23509600
2025-02-10 00:00:00+05:30,858.6500244140625,861.7249755859375,854.25,857.875,17195950
2025-02-11 00:00:00+05:30,851.5,855.5,844.3499755859375,850.7000122070312,22724704
2025-02-12 00:00:00+05:30,846.5,856.0,840.5999755859375,853.4000244140625,22809570
2025-02-13 00:00:00+05:30,849.5,857.125,846.7750244140625,848.8499755859375,12602434
2025-02-14 00:00:00+05:30,850.9500122070312,850.9500122070312,840.0,847.4249877929688,19959892
2025-02-17 00:00:00+05:30,842.5999755859375,860.0,840.625,858.6749877929688,12938946
2025-02-18 00:00:00+05:30,856.5250244140625,865.7750244140625,853.0750122070312,861.5250244140625,16350910
2025-02-19 00:00:00+05:30,858.5,868.9500122070312,856.2249755859375,863.5999755859375,11884112
2025-02-20 00:00:00+05:30,855.5,857.3499755859375,842.6500244140625,843.5499877929688,26390510
2025-02-21 00:00:00+05:30,840.4500122070312,847.4749755859375,838.625,846.25,15680940
2025-02-24 00:00:00+05:30,840.5499877929688,842.0999755859375,830.5499877929688,838.5499877929688,20693646
2025-02-25 00:00:00+05:30,835.5499877929688,844.0,835.5499877929688,841.1749877929688,24138708
2025-02-27 00:00:00+05:30,841.2750244140625,855.375,841.2750244140625,850.3499755859375,35786800
2025-02-28 00:00:00+05:30,842.5,868.625,842.5,866.2000122070312,54516728
2025-03-03 00:00:00+05:30,869.9000244140625,871.5250244140625,847.0499877929688,850.7750244140625,21205364
2025-03-04 00:00:00+05:30,849.0,857.1500244140625,846.625,855.0,19920958
2025-03-05 00:00:00+05:30,850.9749755859375,855.4000244140625,844.125,845.0,21583872
2025-03-06 00:00:00+05:30,843.5,849.9500122070312,836.125,845.5999755859375,32966088
2025-03-07 00:00:00+05:30,841.0,850.5750122070312,838.7999877929688,844.625,13372914
2025-03-10 00:00:00+05:30,844.5,849.9500122070312,841.5250244140625,843.75,15604050
2025-03-11 00:00:00+05:30,841.2000122070312,847.0,835.0250244140625,842.75,19898430
2025-03-12 00:00:00+05:30,845.7750244140625,859.25,845.7750244140625,855.5750122070312,18784106
2025-03-13 00:00:00+05:30,858.0250244140625,860.4000244140625,850.0250244140625,853.2999877929688,15736264
2025-03-17 00:00:00+05:30,852.5,862.0,852.5,855.2000122070312,18950652
2025-03-18 00:00:00+05:30,855.2000122070312,855.2000122070312,855.2000122070312,855.2000122070312,0
2025-03-19 00:00:00+05:30,867.5,875.5,866.0999755859375,872.0499877929688,15221406
2025-03-20 00:00:00+05:30,877.0,887.0,874.6500244140625,884.375,17833978
2025-03-21 00:00:00+05:30,877.7750244140625,887.0499877929688,877.7750244140625,885.1749877929688,33508264
2025-03-24 00:00:00+05:30,889.5,902.2000122070312,886.8250122070312,900.0,17393736
2025-03-25 00:00:00+05:30,902.4500122070312,921.8499755859375,900.75,910.7249755859375,39101416
2025-03-26 00:00:00+05:30,912.5,913.75,901.0,903.2750244140625,24478442
2025-03-27 00:00:00+05:30,900.0,920.5,899.0499877929688,912.6749877929688,41658100
2025-03-28 00:00:00+05:30,914.5,918.0,902.9249877929688,914.0999755859375,28773648
2025-04-01 00:00:00+05:30,901.0,904.9500122070312,882.6749877929688,883.9249877929688,28511006
2025-04-02 00:00:00+05:30,885.3499755859375,899.5999755859375,885.3499755859375,898.4500122070312,11573564
2025-04-03 00:00:00+05:30,890.5499877929688,902.0,888.5,897.4249877929688,11250038
2025-04-04 00:00:00+05:30,906.5,920.9749755859375,905.5499877929688,908.6500244140625,33540454
2025-04-07 00:00:00+05:30,881.4000244140625,889.9249877929688,869.0999755859375,878.8499755859375,37995450
2025-04-08 00:00:00+05:30,882.5,891.0,875.1500244140625,884.5750122070312,35563872
2025-04-09 00:00:00+05:30,882.5,887.5,876.75,882.5,22454608
2025-04-11 00:00:00+05:30,887.375,909.7000122070312,887.375,903.375,32775766
2025-04-15 00:00:00+05:30,932.5,938.4000244140625,927.5,932.4500122070312,49298344
2025-04-16 00:00:00+05:30,941.9000244140625,941.9000244140625,930.25,939.0,19136820
2025-04-17 00:00:00+05:30,941.0,959.8499755859375,938.3499755859375,953.3499755859375,35703084
2025-04-21 00:00:00+05:30,962.0,975.3499755859375,955.0,963.5499877929688,34247298
2025-04-22 00:00:00+05:30,967.5,985.2999877929688,967.5,980.8499755859375,45961750
2025-04-23 00:00:00+05:30,989.4500122070312,989.4500122070312,960.25,961.9500122070312,30570642
2025-04-24 00:00:00+05:30,955.0,961.9500122070312,952.5499877929688,958.4000244140625,25931754
2025-04-25 00:00:00+05:30,962.4000244140625,966.5,945.9000244140625,955.5999755859375,18500878
2025-04-28 00:00:00+05:30,955.5999755859375,964.8499755859375,954.2000122070312,960.0999755859375,13920492
2025-04-29 00:00:00+05:30,959.4000244140625,964.4000244140625,950.0999755859375,954.4000244140625,18918308
2025-04-30 00:00:00+05:30,956.5,968.4500122070312,955.1500244140625,962.5,31936870
2025-05-02 00:00:00+05:30,964.9000244140625,970.9500122070312,960.0,960.9500122070312,17840404
2025-05-05 00:00:00+05:30,969.5,976.0,966.1500244140625,968.4000244140625,15068024
2025-05-06 00:00:00+05:30,965.0,970.0499877929688,962.1500244140625,965.8499755859375,17490156
2025-05-07 00:00:00+05:30,967.0,974.3499755859375,961.2000122070312,972.7999877929688,21420778
2025-05-08 00:00:00+05:30,977.4000244140625,977.4000244140625,959.5499877929688,964.25,34803430
2025-05-09 00:00:00+05:30,955.0499877929688,959.5,943.4000244140625,944.8499755859375,17188796
2025-05-12 00:00:00+05:30,958.7999877929688,979.9500122070312,956.1500244140625,978.5999755859375,18618972
2025-05-13 00:00:00+05:30,975.0,980.8499755859375,960.0,961.2999877929688,24242102
2025-05-14 00:00:00+05:30,961.0499877929688,965.0999755859375,951.5,955.2999877929688,15445308
2025-05-15 00:00:00+05:30,956.75,972.4000244140625,948.5,966.9000244140625,32241458
2025-05-16 00:00:00+05:30,966.9000244140625,971.9000244140625,964.2000122070312,967.3499755859375,15868010
2025-05-19 00:00:00+05:30,968.5,972.5,965.5,969.3499755859375,10202964
2025-05-20 00:00:00+05:30,964.0499877929688,967.2999877929688,956.5,957.4500122070312,23879090
2025-05-21 00:00:00+05:30,963.5,973.4500122070312,960.5499877929688,963.4000244140625,15132040
2025-05-22 00:00:00+05:30,957.5999755859375,962.0999755859375,952.5999755859375,959.9500122070312,21306670
2025-05-23 00:00:00+05:30,960.0499877929688,968.5,957.25,966.7999877929688,9566072
2025-05-26 00:00:00+05:30,967.5,974.9500122070312,963.4500122070312,970.0999755859375,10802860
2025-05-27 00:00:00+05:30,965.7999877929688,974.0,958.1500244140625,963.1500244140625,26162148
2025-05-28 00:00:00+05:30,960.0999755859375,967.25,958.8499755859375,961.75,18157594
2025-05-29 00:00:00+05:30,964.0,970.4000244140625,953.6500244140625,963.75,28917794
2025-05-30 00:00:00+05:30,965.9500122070312,974.4000244140625,962.7000122070312,972.4500122070312,28748078
2025-06-02 00:00:00+05:30,965.0499877929688,968.0,954.0,966.0499877929688,14668822
2025-06-03 00:00:00+05:30,969.0,976.0,960.0,962.2999877929688,24377584
2025-06-04 00:00:00+05:30,960.5,971.6500244140625,960.4500122070312,970.5999755859375,12961542
2025-06-05 00:00:00+05:30,974.0,979.4500122070312,970.0999755859375,974.7999877929688,22255418
2025-06-06 00:00:00+05:30,972.0,998.1500244140625,971.3499755859375,989.3499755859375,30127008
2025-06-09 00:00:00+05:30,997.5,997.5,987.9500122070312,989.4500122070312,13202588
2025-06-10 00:00:00+05:30,991.4000244140625,991.4000244140625,980.5499877929688,982.6500244140625,15533126
2025-06-11 00:00:00+05:30,983.7999877929688,983.7999877929688,973.5,975.2000122070312,11096394
2025-06-12 00:00:00+05:30,975.0,980.5,967.6500244140625,971.7000122070312,16349130
2025-06-13 00:00:00+05:30,960.0,966.5,956.5,958.7999877929688,12117762
2025-06-16 00:00:00+05:30,962.0,969.4500122070312,960.0499877929688,967.7000122070312,16513746
2025-06-17 00:00:00+05:30,968.5,970.7999877929688,959.5499877929688,964.7999877929688,16978736
2025-06-18 00:00:00+05:30,958.5,968.1500244140625,958.5,966.9500122070312,18433816
2025-06-19 00:00:00+05:30,966.9500122070312,973.4000244140625,962.7999877929688,967.6500244140625,16876220
2025-06-20 00:00:00+05:30,965.7999877929688,984.9500122070312,965.7999877929688,982.3499755859375,32900408
2025-06-23 00:00:00+05:30,974.2000122070312,978.9500122070312,970.9000244140625,974.2000122070312,11739518
2025-06-24 00:00:00+05:30,982.5,989.5,977.7999877929688,980.4500122070312,22625322
2025-06-25 00:00:00+05:30,983.0,991.0,981.9500122070312,990.0999755859375,18405932
2025-06-26 00:00:00+05:30,990.7000122070312,1013.5499877929688,990.0,1010.9000244140625,50084830
2025-06-27 00:00:00+05:30,1006.5,1009.9000244140625,996.7000122070312,1007.4500122070312,28213384
2025-06-30 00:00:00+05:30,1005.75,1006.9000244140625,997.75,1000.75,13649020
2025-07-01 00:00:00+05:30,1002.5,1008.0,1002.0,1006.0499877929688,14389386
2025-07-02 00:00:00+05:30,1009.9500122070312,1009.9500122070312,988.9500122070312,993.0,18878250
2025-07-03 00:00:00+05:30,997.4500122070312,1004.0,992.1500244140625,993.5499877929688,16860506
2025-07-04 00:00:00+05:30,993.5499877929688,1001.75,990.0,994.6500244140625,7863944
2025-07-07 00:00:00+05:30,994.5,999.2000122070312,991.9000244140625,993.7000122070312,11349426
2025-07-08 00:00:00+05:30,988.5,1002.5,988.5,1000.7000122070312,15224316
2025-07-09 00:00:00+05:30,1003.5,1006.9000244140625,999.0499877929688,1005.5999755859375,13861428
2025-07-10 00:00:00+05:30,1008.0,1008.5,1000.0,1003.0999755859375,17030310
2025-07-11 00:00:00+05:30,999.0,1002.4000244140625,990.4500122070312,991.8499755859375,12516922
2025-07-14 00:00:00+05:30,991.5,994.3499755859375,985.2999877929688,991.5,13088850
2025-07-15 00:00:00+05:30,986.5,1001.7999877929688,986.5,997.75,14498168
2025-07-16 00:00:00+05:30,1009.0,1011.3499755859375,996.2999877929688,998.1500244140625,17994612
2025-07-17 00:00:00+05:30,1002.0,1002.4000244140625,991.3499755859375,993.4500122070312,22529158
2025-07-18 00:00:00+05:30,993.4500122070312,998.5,976.5,978.7000122070312,16129446
2025-07-21 00:00:00+05:30,989.0999755859375,1001.0,988.25,1000.25,22309078
2025-07-22 00:00:00+05:30,1006.5499877929688,1009.0,1001.5,1003.5499877929688,14836814
2025-07-23 00:00:00+05:30,1005.5,1014.9000244140625,1001.5,1012.1500244140625,13634916
2025-07-24 00:00:00+05:30,1018.8499755859375,1018.8499755859375,1004.2000122070312,1007.0999755859375,19107176
2025-07-25 00:00:00+05:30,1007.5,1007.5,999.5,1002.2999877929688,9306598
2025-07-28 00:00:00+05:30,1001.5,1010.7000122070312,1000.25,1004.25,12059580
2025-07-29 00:00:00+05:30,999.9500122070312,1013.25,998.1500244140625,1010.7999877929688,19895696
2025-07-30 00:00:00+05:30,1014.0,1016.2999877929688,1008.5,1012.9000244140625,15154036
2025-07-31 00:00:00+05:30,1007.2999877929688,1015.7000122070312,1004.0,1009.0999755859375,22183032
2025-08-01 00:00:00+05:30,1007.0,1014.1500244140625,1004.6500244140625,1006.0999755859375,11317258
2025-08-04 00:00:00+05:30,1005.0499877929688,1009.25,994.0499877929688,996.0,13933946
2025-08-05 00:00:00+05:30,993.25,997.2000122070312,982.75,988.7999877929688,23978058
2025-08-06 00:00:00+05:30,985.5499877929688,994.0,985.0,992.6500244140625,14080204
2025-08-07 00:00:00+05:30,990.0499877929688,1000.7999877929688,988.4000244140625,997.7000122070312,13081186
2025-08-08 00:00:00+05:30,993.5499877929688,996.4000244140625,985.0,986.9500122070312,13895264
2025-08-11 00:00:00+05:30,987.9500122070312,998.7999877929688,986.5499877929688,997.7999877929688,9105854
2025-08-12 00:00:00+05:30,995.9500122070312,998.0,983.75,984.9500122070312,12937802
2025-08-13 00:00:00+05:30,997.0,997.0,984.5499877929688,990.1500244140625,13577396
2025-08-14 00:00:00+05:30,989.0,998.0,985.5999755859375,995.5499877929688,17511716
2025-08-18 00:00:00+05:30,1005.0,1013.2999877929688,997.7999877929688,1001.7999877929688,19284796
2025-08-19 00:00:00+05:30,999.1500244140625,1003.0499877929688,993.3499755859375,995.5499877929688,12352438
2025-08-20 00:00:00+05:30,993.5,996.0,989.5,994.0999755859375,9950228
2025-08-21 00:00:00+05:30,998.75,998.75,991.5999755859375,995.5999755859375,12439850
2025-08-22 00:00:00+05:30,994.9500122070312,998.0,978.5499877929688,982.2999877929688,19833502
2025-08-25 00:00:00+05:30,980.0999755859375,988.7000122070312,978.5,982.0499877929688,17518044
2025-08-26 00:00:00+05:30,979.5,985.7000122070312,968.0,973.4000244140625,16917731
2025-08-28 00:00:00+05:30,967.0,972.2000122070312,955.0,957.7999877929688,25438255
2025-08-29 00:00:00+05:30,954.0,963.2999877929688,950.0999755859375,951.5999755859375,14823813
2025-09-01 00:00:00+05:30,949.5999755859375,957.4500122070312,946.3499755859375,950.5999755859375,20178344
2025-09-02 00:00:00+05:30,951.0,954.7999877929688,944.0,944.5,14196320
2025-09-03 00:00:00+05:30,945.0,956.2999877929688,940.0,954.4500122070312,16083481
2025-09-04 00:00:00+05:30,960.2000122070312,965.7000122070312,956.25,961.25,17597657
2025-09-05 00:00:00+05:30,967.5,967.5,954.0499877929688,963.4000244140625,11602111
2025-09-08 00:00:00+05:30,969.0,973.1500244140625,960.4500122070312,966.0,11711307
2025-09-09 00:00:00+05:30,974.0,974.4000244140625,962.7000122070312,965.1500244140625,13985539
2025-09-10 00:00:00+05:30,973.9000244140625,973.9000244140625,961.7000122070312,965.9000244140625,18091100
2025-09-11 00:00:00+05:30,960.2999877929688,969.25,959.9000244140625,967.7999877929688,15113633
2025-09-12 00:00:00+05:30,969.9000244140625,970.75,962.25,967.2999877929688,14363519
2025-09-15 00:00:00+05:30,969.5999755859375,972.3499755859375,965.0,967.0499877929688,14486377
2025-09-16 00:00:00+05:30,961.2000122070312,969.3499755859375,961.2000122070312,966.8499755859375,18661794
2025-09-17 00:00:00+05:30,965.1500244140625,974.4000244140625,964.3499755859375,966.5,17361476
2025-09-18 00:00:00+05:30,973.2999877929688,979.6500244140625,969.25,976.9000244140625,17791598
2025-09-19 00:00:00+05:30,974.9000244140625,976.7000122070312,962.0999755859375,966.9000244140625,31243267
2025-09-22 00:00:00+05:30,964.0,971.2000122070312,961.9500122070312,964.2000122070312,10854415
2025-09-23 00:00:00+05:30,967.0,968.2000122070312,955.5,957.2000122070312,21022298
2025-09-24 00:00:00+05:30,952.2000122070312,956.4500122070312,943.0,951.0499877929688,15117220
2025-09-25 00:00:00+05:30,952.5,958.0,947.4000244140625,949.8499755859375,31413279
2025-09-26 00:00:00+05:30,945.0999755859375,951.4500122070312,941.2999877929688,945.0499877929688,14874656
2025-09-29 00:00:00+05:30,946.0499877929688,956.7999877929688,939.0999755859375,950.2999877929688,32398179
2025-09-30 00:00:00+05:30,958.0499877929688,960.0,946.2999877929688,951.0,28296687
2025-10-01 00:00:00+05:30,952.7000122070312,969.5999755859375,946.0,965.25,25350832
2025-10-03 00:00:00+05:30,952.0,966.75,952.0,965.1500244140625,26658296
2025-10-06 00:00:00+05:30,971.9000244140625,977.4000244140625,962.0,973.4500122070312,18542683
2025-10-07 00:00:00+05:30,974.0,989.8499755859375,971.0,982.5,25535736
2025-10-08 00:00:00+05:30,976.0,985.9000244140625,974.5499877929688,978.7000122070312,15939710
2025-10-09 00:00:00+05:30,974.5,979.0,970.1500244140625,977.0999755859375,15370950
2025-10-10 00:00:00+05:30,979.0,986.2000122070312,978.0999755859375,980.9000244140625,13757080
2025-10-13 00:00:00+05:30,974.2999877929688,981.0,972.0,977.0,18634254
2025-10-14 00:00:00+05:30,970.0,980.4500122070312,967.0,977.1500244140625,22934382
2025-10-15 00:00:00+05:30,975.0,984.9000244140625,973.3499755859375,978.25,23310447
2025-10-16 00:00:00+05:30,982.6500244140625,996.5999755859375,981.5,994.3499755859375,22936566
2025-10-17 00:00:00+05:30,993.9500122070312,1009.0,986.0,1002.5499877929688,25210511
2025-10-20 00:00:00+05:30,997.0,1020.0,997.0,1002.9500122070312,22195202
2025-10-21 00:00:00+05:30,1006.0,1010.0,1004.0,1007.7000122070312,3471600
2025-10-23 00:00:00+05:30,1016.0,1020.5,1006.0,1008.7999877929688,43526526
2025-10-24 00:00:00+05:30,1011.0,1011.9500122070312,991.2999877929688,994.75,17707768
2025-10-27 00:00:00+05:30,996.5,1009.0499877929688,996.2000122070312,1002.9500122070312,15700796
2025-10-28 00:00:00+05:30,997.6500244140625,1008.0,995.0,1003.5499877929688,33904289
2025-10-29 00:00:00+05:30,1004.9000244140625,1012.5,1000.0,1007.8499755859375,17769445
2025-10-30 00:00:00+05:30,1000.0,1009.5,997.0999755859375,998.1500244140625,19962917
2025-10-31 00:00:00+05:30,994.0,1004.4500122070312,981.1500244140625,987.2999877929688,23221330
2025-11-03 00:00:00+05:30,985.0,994.5499877929688,983.2999877929688,992.6500244140625,16607180
2025-11-04 00:00:00+05:30,987.0,997.0,983.7000122070312,985.25,20024544
2025-11-06 00:00:00+05:30,981.0,991.0499877929688,974.0,984.6500244140625,22279516
2025-11-07 00:00:00+05:30,980.0,984.9000244140625,974.75,982.2999877929688,15004568
2025-11-10 00:00:00+05:30,982.2999877929688,990.9500122070312,980.2000122070312,984.5,15988262
2025-11-11 00:00:00+05:30,983.5,993.5,978.0,991.7000122070312,10200530
2025-11-12 00:00:00+05:30,998.7999877929688,999.0,987.7000122070312,989.5,13137263
2025-11-13 00:00:00+05:30,984.0,990.0999755859375,982.5999755859375,986.6500244140625,14124839
2025-11-14 00:00:00+05:30,976.0499877929688,991.6500244140625,976.0499877929688,989.5999755859375,21386965
2025-11-17 00:00:00+05:30,991.25,997.9500122070312,985.5999755859375,996.5499877929688,18396408
2025-11-18 00:00:00+05:30,997.6500244140625,999.0,990.0,992.4500122070312,20002640
2025-11-19 00:00:00+05:30,990.0,996.5499877929688,984.0,994.5999755859375,19813847
2025-11-20 00:00:00+05:30,995.2999877929688,1011.5999755859375,992.4500122070312,1008.8499755859375,19850865
2025-11-21 00:00:00+05:30,1003.0999755859375,1008.2999877929688,996.5499877929688,998.0499877929688,17499897
2025-11-24 00:00:00+05:30,1000.0,1011.4500122070312,993.5999755859375,999.1500244140625,32204053
2025-11-25 00:00:00+05:30,1004.0,1006.0999755859375,988.4000244140625,989.7999877929688,24989383
2025-11-26 00:00:00+05:30,981.2999877929688,1006.9500122070312,981.2999877929688,1003.9000244140625,19494356
2025-11-27 00:00:00+05:30,1002.0999755859375,1016.7999877929688,1001.0,1009.5,25536848
2025-11-28 00:00:00+05:30,1007.0,1012.0499877929688,1004.2000122070312,1007.5999755859375,15988807
2025-12-01 00:00:00+05:30,1017.5,1017.5,999.2999877929688,1002.0999755859375,16746566
2025-12-02 00:00:00+05:30,988.0,994.4000244140625,985.0,989.7999877929688,27316662
2025-12-03 00:00:00+05:30,986.0,1002.2999877929688,986.0,1000.5,15448777
2025-12-04 00:00:00+05:30,1000.0,1004.7000122070312,993.0,997.2000122070312,14528169
2025-12-05 00:00:00+05:30,992.0,1008.0,990.2000122070312,1003.2999877929688,12843366
2025-12-08 00:00:00+05:30,1000.0,1006.5,997.5,1003.0999755859375,12901022
2025-12-09 00:00:00+05:30,994.9000244140625,1002.7999877929688,994.0,997.0999755859375,15294322
2025-12-10 00:00:00+05:30,997.5,998.5,985.2999877929688,989.7999877929688,15322830
2025-12-11 00:00:00+05:30,990.0,1002.7000122070312,988.5,1000.2999877929688,11844809
2025-12-12 00:00:00+05:30,1003.0,1004.7000122070312,998.2000122070312,1001.5,11988618
2025-12-15 00:00:00+05:30,992.0,1001.7999877929688,992.0,996.0999755859375,9790060
2025-12-16 00:00:00+05:30,990.0999755859375,998.7000122070312,990.0999755859375,994.2999877929688,20049088
2025-12-17 00:00:00+05:30,996.0,996.0,980.7999877929688,984.0,19080922
2025-12-18 00:00:00+05:30,973.2999877929688,987.4000244140625,973.2999877929688,979.7000122070312,14912404
2025-12-19 00:00:00+05:30,987.0,988.0,978.7000122070312,985.5,25952384
2025-12-22 00:00:00+05:30,988.0,992.9000244140625,983.9000244140625,987.7000122070312,13540411
2025-12-23 00:00:00+05:30,990.5,998.9000244140625,987.7000122070312,996.5999755859375,17927849
2025-12-24 00:00:00+05:30,993.0,999.4000244140625,993.0,997.2000122070312,13699996
2025-12-26 00:00:00+05:30,996.0,997.2000122070312,987.7000122070312,992.0999755859375,9360853
2025-12-29 00:00:00+05:30,993.0999755859375,997.4000244140625,987.2000122070312,991.7000122070312,13545749
2025-12-30 00:00:00+05:30,990.2000122070312,995.0,982.2000122070312,990.9000244140625,33155849
2025-12-31 00:00:00+05:30,991.0,997.5999755859375,987.5999755859375,991.2000122070312,10963454
2026-01-01 00:00:00+05:30,993.5,997.5499877929688,989.5,991.1500244140625,7132074
2026-01-02 00:00:00+05:30,991.1500244140625,1003.2000122070312,988.7999877929688,1001.5999755859375,11751459
2026-01-05 00:00:00+05:30,1005.75,1006.4000244140625,976.2999877929688,977.5,27647379
2026-01-06 00:00:00+05:30,962.7000122070312,966.7000122070312,956.0,962.2000122070312,31988783
2026-01-07 00:00:00+05:30,956.0,956.4500122070312,946.0,949.0499877929688,52884712
2026-01-08 00:00:00+05:30,944.7000122070312,953.0,941.4000244140625,946.7000122070312,21928849
2026-01-09 00:00:00+05:30,945.0,950.5999755859375,933.2999877929688,939.0,38183839
2026-01-12 00:00:00+05:30,937.5,942.0,929.5999755859375,936.9500122070312,21071666
2026-01-13 00:00:00+05:30,947.7000122070312,947.7000122070312,932.5999755859375,937.3499755859375,32042827
2026-01-14 00:00:00+05:30,930.0,940.0499877929688,920.2000122070312,925.4500122070312,36688248
2026-01-15 00:00:00+05:30,925.4500122070312,925.4500122070312,925.4500122070312,925.4500122070312,0
2026-01-16 00:00:00+05:30,922.0,935.9500122070312,919.2000122070312,931.0999755859375,37780235
2026-01-19 00:00:00+05:30,935.9000244140625,936.1500244140625,919.5,927.9000244140625,38191942
2026-01-20 00:00:00+05:30,929.2999877929688,934.5,919.5999755859375,931.2000122070312,36022727
2026-01-21 00:00:00+05:30,925.0,932.1500244140625,915.5,920.3499755859375,32766854
2026-01-22 00:00:00+05:30,928.0,928.2999877929688,913.2000122070312,918.7000122070312,44444755
2026-01-23 00:00:00+05:30,920.0,926.0999755859375,909.25,916.0999755859375,30985247
2026-01-27 00:00:00+05:30,906.0,931.2000122070312,905.0,926.4000244140625,44753093
2026-01-28 00:00:00+05:30,932.5,941.4500122070312,928.4000244140625,932.7000122070312,35347138
2026-01-29 00:00:00+05:30,930.0999755859375,939.2999877929688,924.3499755859375,935.5,37175628
2026-01-30 00:00:00+05:30,930.0,938.9000244140625,927.75,929.25,29691233
2026-02-02 00:00:00+05:30,915.0,929.7999877929688,909.2999877929688,928.0999755859375,28032106
2026-02-03 00:00:00+05:30,983.75,994.0,945.0,948.7000122070312,50336968
2026-02-04 00:00:00+05:30,952.5,957.2000122070312,947.9500122070312,953.0999755859375,24366770
2026-02-05 00:00:00+05:30,956.0,956.0499877929688,946.7000122070312,949.7000122070312,28103169
2026-02-06 00:00:00+05:30,945.0,948.0999755859375,937.5999755859375,941.0999755859375,18120272
2026-02-09 00:00:00+05:30,945.0,950.0,935.3499755859375,937.25,23947829
2026-02-10 00:00:00+05:30,930.0,940.9000244140625,929.9500122070312,932.4000244140625,31525385
2026-02-11 00:00:00+05:30,931.25,936.0,925.2999877929688,927.0999755859375,24869804
2026-02-12 00:00:00+05:30,927.0,928.5999755859375,918.5,920.5999755859375,33872203
2026-02-13 00:00:00+05:30,913.0,928.2000122070312,901.0,903.9000244140625,50188359
2026-02-16 00:00:00+05:30,903.9000244140625,929.5,902.0999755859375,925.7999877929688,18806989
2026-02-17 00:00:00+05:30,923.0,928.0999755859375,918.5999755859375,925.7000122070312,22599629
2026-02-18 00:00:00+05:30,923.2000122070312,925.5,919.5499877929688,924.7000122070312,12738702
2026-02-19 00:00:00+05:30,929.0,929.2000122070312,912.4500122070312,915.5999755859375,21209234
2026-02-20 00:00:00+05:30,911.0,917.8499755859375,908.4000244140625,911.8499755859375,22654907
2026-02-23 00:00:00+05:30,916.5,925.6500244140625,915.25,923.5999755859375,23270122
2026-02-24 00:00:00+05:30,927.9500122070312,927.9500122070312,909.1500244140625,910.5,31313985
2026-02-25 00:00:00+05:30,910.5499877929688,916.0,903.0999755859375,907.5999755859375,27884303
2026-02-26 00:00:00+05:30,912.0,912.0,895.0,898.5999755859375,41165937
2026-02-27 00:00:00+05:30,898.5999755859375,898.9500122070312,885.0,887.75,34620755
2026-03-02 00:00:00+05:30,876.2000122070312,887.75,871.5499877929688,879.4000244140625,38378924
2026-03-04 00:00:00+05:30,848.0,879.2999877929688,848.0,868.6500244140625,39862322
2026-03-05 00:00:00+05:30,873.8499755859375,881.4000244140625,863.5,877.75,31324582
2026-03-06 00:00:00+05:30,868.0499877929688,871.7000122070312,855.0999755859375,857.0499877929688,34439647
2026-03-09 00:00:00+05:30,825.0,842.4500122070312,821.5,840.7000122070312,35592613
2026-03-10 00:00:00+05:30,850.0499877929688,856.7999877929688,840.5999755859375,849.4500122070312,52866024
2026-03-11 00:00:00+05:30,845.0,848.8499755859375,827.5999755859375,833.9500122070312,42261076
2026-03-12 00:00:00+05:30,820.0999755859375,836.4000244140625,820.0999755859375,832.75,46107561
2026-03-13 00:00:00+05:30,820.0,823.7999877929688,812.0,817.0,41700464
2026-03-16 00:00:00+05:30,817.0,844.5,815.6500244140625,840.5999755859375,52182605
2026-03-17 00:00:00+05:30,847.7000122070312,848.9000244140625,835.0999755859375,845.3499755859375,38826979
2026-03-18 00:00:00+05:30,845.3499755859375,846.7999877929688,831.5999755859375,843.0499877929688,23507063
2026-03-19 00:00:00+05:30,770.0,815.6500244140625,770.0,798.2000122070312,171637393
2026-03-20 00:00:00+05:30,785.0,793.75,778.2000122070312,780.4500122070312,103129469
2026-03-23 00:00:00+05:30,763.1500244140625,768.7000122070312,741.0499877929688,744.1500244140625,72341738
2026-03-24 00:00:00+05:30,755.0,772.75,747.7000122070312,764.9000244140625,61269986
2026-03-25 00:00:00+05:30,768.2000122070312,794.7999877929688,768.2000122070312,782.2999877929688,59230640
2026-03-27 00:00:00+05:30,773.2000122070312,774.9000244140625,754.5499877929688,756.2000122070312,65485199
2026-03-30 00:00:00+05:30,745.2000122070312,751.0,726.6500244140625,731.5499877929688,103500135
2026-04-01 00:00:00+05:30,743.0,755.9000244140625,739.0999755859375,742.25,78862761
2026-04-02 00:00:00+05:30,730.0,755.0,726.6500244140625,750.9000244140625,49310300
2026-04-06 00:00:00+05:30,759.0,772.75,745.0,771.0,42976659
2026-04-07 00:00:00+05:30,766.0,774.0,761.0,772.0,51309793
2026-04-08 00:00:00+05:30,800.0,817.7999877929688,796.0,816.0999755859375,70269512
2026-04-09 00:00:00+05:30,815.0,819.0,793.0999755859375,797.7000122070312,48879392
2026-04-10 00:00:00+05:30,804.0,812.25,801.0,810.2999877929688,38156026
2026-04-13 00:00:00+05:30,791.5,798.5,787.3499755859375,794.7000122070312,47549328
2026-04-15 00:00:00+05:30,804.9500122070312,814.7999877929688,804.0,809.9000244140625,39769515
2026-04-16 00:00:00+05:30,818.0,820.0499877929688,792.2000122070312,795.4500122070312,62861293
2026-04-17 00:00:00+05:30,790.0999755859375,803.9500122070312,788.2000122070312,799.9000244140625,37282544
2026-04-20 00:00:00+05:30,797.0999755859375,809.9500122070312,790.0,795.4500122070312,52148044
2026-04-21 00:00:00+05:30,795.2000122070312,814.9000244140625,795.2000122070312,811.75,49135752
2026-04-22 00:00:00+05:30,810.0,813.0499877929688,798.0,799.9000244140625,23876412
2026-04-23 00:00:00+05:30,792.0,796.6500244140625,782.5,784.3499755859375,37677616
2026-04-24 00:00:00+05:30,777.2999877929688,787.5999755859375,777.0,784.8499755859375,27720358
2026-04-27 00:00:00+05:30,787.5,793.0,785.0,789.7999877929688,18115375
2026-04-28 00:00:00+05:30,785.0,794.5,778.2999877929688,782.5499877929688,35366803
2026-04-29 00:00:00+05:30,785.5,790.0,777.3499755859375,779.0,25799963
2026-04-30 00:00:00+05:30,770.0,778.7999877929688,762.25,771.7000122070312,47998755
2026-05-01 00:00:00+05:30,771.7000122070312,771.7000122070312,771.7000122070312,771.7000122070312,0
2026-05-04 00:00:00+05:30,772.5999755859375,786.5999755859375,772.5999755859375,779.4000244140625,29028060
2026-05-05 00:00:00+05:30,774.4000244140625,776.9000244140625,763.7000122070312,772.2999877929688,38887657
2026-05-06 00:00:00+05:30,775.1500244140625,798.9500122070312,773.5,796.5499877929688,35530831
2026-05-07 00:00:00+05:30,794.0,801.5499877929688,788.5499877929688,796.0499877929688,46137553
2026-05-08 00:00:00+05:30,784.0,788.75,777.2000122070312,780.8499755859375,38016841
2026-05-11 00:00:00+05:30,771.9500122070312,774.8499755859375,761.9000244140625,763.6500244140625,41123422
2026-05-12 00:00:00+05:30,756.5999755859375,759.7000122070312,747.7999877929688,750.4500122070312,43937132
2026-05-13 00:00:00+05:30,752.0,759.9500122070312,747.3499755859375,749.5999755859375,28960919
2026-05-14 00:00:00+05:30,751.0,778.2999877929688,747.0,769.5499877929688,50992358
2026-05-15 00:00:00+05:30,773.0,781.9000244140625,765.4000244140625,767.5,24347873
2026-05-18 00:00:00+05:30,759.0,774.0999755859375,751.3499755859375,768.6500244140625,29812079
2026-05-19 00:00:00+05:30,766.7000122070312,770.7999877929688,760.25,762.4500122070312,40307830
2026-05-20 00:00:00+05:30,759.5999755859375,762.25,755.1500244140625,759.5,24013451
2026-05-21 00:00:00+05:30,767.0,768.25,755.1500244140625,759.1500244140625,34664725
2026-05-22 00:00:00+05:30,759.1500244140625,775.0,759.1500244140625,766.7999877929688,25604071
2026-05-25 00:00:00+05:30,776.0,787.8499755859375,775.2000122070312,786.8499755859375,26043952
2026-05-26 00:00:00+05:30,784.0499877929688,790.8499755859375,776.75,778.9000244140625,31528062
2026-05-27 00:00:00+05:30,769.5,773.9000244140625,756.9000244140625,758.6500244140625,63680153
2026-05-28 00:00:00+05:30,758.6500244140625,758.6500244140625,758.6500244140625,758.6500244140625,0
2026-05-29 00:00:00+05:30,746.0499877929688,760.5,737.75,744.5499877929688,101299431
2026-06-01 00:00:00+05:30,749.0,752.3499755859375,739.2000122070312,742.7000122070312,47996441
2026-06-02 00:00:00+05:30,737.0,753.5999755859375,733.1500244140625,748.25,47314447
2026-06-03 00:00:00+05:30,744.4500122070312,756.9000244140625,742.5999755859375,753.6500244140625,36108071
